BondID,InstrumentType,Currency,CreditRating,CouponRate,YieldToMaturity,YearsToMaturity,CouponFrequency,FaceValue,Quantity,CleanPrice,MarketValue_INR,PortfolioWeight,MacaulayDuration,ModifiedDuration,EffectiveDuration,Convexity,DV01_Per100Face,TenorBucket
BND-001,SDL,INR,A+,0.05974,0.06257,10.0,2,100,35797,97.923,3505349.34,0.00242667,7.6415,7.4097,7.3612,68.3671,0.072558,10Y
BND-002,GOI G-Sec,INR,AA+,0.06314,0.08247,5.0,2,100,5090,92.2074,469335.86,0.00032491,4.3331,4.1615,4.1674,20.9136,0.038373,5Y
BND-003,UK Gilt,EUR,AA+,0.06046,0.0458,10.0,2,100,5802,111.6638,647873.45,0.00044851,7.7933,7.6188,7.3739,71.3115,0.085075,10Y
BND-004,Aus Govt Bond,USD,AA+,0.06775,0.07073,7.0,2,100,23043,98.3723,2266791.77,0.00156925,5.6754,5.4815,5.4768,36.8257,0.053923,7Y
BND-005,SDL,INR,AA,0.09149,0.11334,1.0,2,100,55842,97.9871,5471796.83,0.003788,0.9779,0.9255,0.9267,1.3039,0.009068,1Y
BND-006,US Treasury,INR,AAA,0.0188,0.015,30.0,2,100,81033,109.1533,8845019.16,0.0061232,23.4175,23.2432,21.9904,642.3271,0.253707,30Y
BND-007,SDL,INR,AA+,0.06074,0.04536,10.0,2,100,70751,112.2491,7941734.99,0.00549788,7.7919,7.619,7.4447,71.3185,0.085523,10Y
BND-008,JGB,INR,AA+,0.06818,0.06309,10.0,1,100,59934,103.6871,6214382.76,0.00430207,7.6146,7.1627,7.2356,66.9798,0.074267,10Y
BND-009,US Treasury,INR,A+,0.07033,0.06408,1.0,2,100,71143,100.5959,7156695.22,0.00495442,0.9831,0.9525,0.9618,1.3765,0.009582,1Y
BND-010,Aus Govt Bond,INR,AA+,0.05831,0.06806,5.0,2,100,19616,95.9252,1881669.09,0.00130264,4.3935,4.2489,4.1264,21.6056,0.040758,5Y
BND-011,SDL,INR,AA+,0.03338,0.03628,3.0,2,100,76385,99.1827,7576069.9,0.00524474,2.879,2.8277,2.8389,9.5859,0.028045,3Y
BND-012,GOI G-Sec,INR,A,0.0709,0.0496,20.0,2,100,80672,126.8232,10231078.37,0.00708274,12.0042,11.7136,12.013,189.8113,0.148556,20Y
BND-013,UK Gilt,INR,AA+,0.09609,0.10228,7.0,2,100,13079,96.961,1268153.52,0.00087791,5.2217,4.9677,5.0642,31.8036,0.048167,7Y
BND-014,German Bund,INR,AAA,0.03739,0.03046,10.0,2,100,44946,105.9359,4761393.43,0.0032962,8.4882,8.3609,8.341,81.5667,0.088572,10Y
BND-015,Aus Govt Bond,INR,AAA,0.08055,0.09584,5.0,2,100,75553,94.0354,7104654.08,0.00491839,4.1841,3.9927,3.946,19.6759,0.037546,5Y
BND-016,JGB,INR,AAA,0.05909,0.05156,2.0,2,100,45467,101.4139,4610987.19,0.00319208,1.9162,1.8681,1.8387,4.487,0.018945,2Y
BND-017,Aus Govt Bond,USD,AAA,0.0639,0.05626,5.0,1,100,76440,103.251,7892508.1,0.0054638,4.4445,4.2078,4.257,22.933,0.043446,5Y
BND-018,German Bund,USD,AA+,0.04605,0.05254,0.5,2,100,84521,99.6836,8425360.28,0.00583268,0.5,0.4872,0.4896,0.4747,0.004857,6M
BND-019,Corporate Bond,GBP,AA,0.05898,0.06813,10.0,1,100,45346,93.514,4240486.9,0.00293559,7.7481,7.2538,7.368,68.0732,0.067833,10Y
BND-020,US Treasury,INR,AA,0.0884,0.09378,7.0,2,100,10056,97.2849,978297.15,0.00067725,5.3392,5.1001,5.1169,33.0811,0.049616,7Y
BND-021,SDL,GBP,AAA,0.07549,0.05526,10.0,2,100,33904,115.3815,3911893.4,0.00270811,7.4125,7.2132,7.3608,65.8017,0.083227,10Y
BND-022,US Treasury,INR,AA+,0.09618,0.10264,3.0,2,100,23290,98.3684,2290998.89,0.00158601,2.6731,2.5426,2.5486,8.1311,0.025011,3Y
BND-023,Corporate Bond,INR,AAA,0.08619,0.07378,30.0,2,100,45299,114.9084,5205234.29,0.00360346,12.1624,11.7297,11.9598,226.1343,0.134784,30Y
BND-024,GOI G-Sec,INR,A,0.0729,0.07573,20.0,2,100,54790,97.1149,5320923.02,0.00368355,10.6875,10.2976,10.5218,156.7553,0.100005,20Y
BND-025,SDL,INR,AAA,0.09639,0.07931,10.0,2,100,44431,111.6452,4960506.21,0.00343404,6.8281,6.5676,6.4355,57.1934,0.073325,10Y
BND-026,UK Gilt,INR,AA,0.0729,0.07826,2.0,2,100,21616,99.0259,2140544.71,0.00148185,1.8964,1.825,1.7425,4.3116,0.018072,2Y
BND-027,Corporate Bond,INR,AAA,0.0799,0.07022,5.0,2,100,30599,104.0226,3182988.2,0.00220351,4.2364,4.0927,4.2506,20.4983,0.042573,5Y
BND-028,Aus Govt Bond,USD,AA,0.05966,0.04427,0.5,1,100,62759,101.4739,6368401.2,0.0044087,1.0,0.9576,0.9638,1.834,0.009717,6M
BND-029,US Treasury,INR,AA+,0.0662,0.07476,1.0,1,100,7293,99.203,723487.5,0.00050085,1.0,0.9304,0.8906,1.7314,0.00923,1Y
BND-030,Aus Govt Bond,INR,AA,0.05245,0.05535,7.0,2,100,23197,98.3359,2281098.7,0.00157915,5.9376,5.7777,5.6746,39.7846,0.056815,7Y
BND-031,German Bund,INR,AAA,0.08281,0.07544,10.0,2,100,80849,105.109,8497956.93,0.00588294,7.0716,6.8146,6.9461,60.4381,0.071627,10Y
BND-032,GOI G-Sec,INR,A+,0.04379,0.0612,30.0,2,100,13428,76.2105,1023354.92,0.00070845,15.0532,14.6062,14.5041,325.4504,0.111314,30Y
BND-033,SDL,INR,AA+,0.07908,0.07379,3.0,2,100,40253,101.4001,4081657.67,0.00282564,2.731,2.6338,2.6001,8.6053,0.026707,3Y
BND-034,German Bund,INR,AA,0.06157,0.06195,3.0,2,100,22593,99.896,2256949.81,0.00156243,2.7846,2.7009,2.7955,8.9376,0.026981,3Y
BND-035,UK Gilt,INR,A+,0.08608,0.08931,5.0,1,100,13895,98.7426,1372028.04,0.00094982,4.2627,3.9132,3.8107,20.363,0.03864,5Y
BND-036,Corporate Bond,USD,A,0.07852,0.07108,2.0,1,100,40932,101.3424,4148148.41,0.00287167,1.9277,1.7997,1.7638,4.9779,0.018239,2Y
BND-037,UK Gilt,JPY,AAA,0.09777,0.10343,1.0,2,100,49322,99.4757,4906338.08,0.00339655,0.9766,0.9286,0.9335,1.3139,0.009237,1Y
BND-038,Aus Govt Bond,INR,AAA,0.07815,0.07175,5.0,2,100,19971,102.6502,2050026.94,0.00141919,4.2451,4.098,4.138,20.528,0.042066,5Y
BND-039,US Treasury,INR,AAA,0.0367,0.03176,2.0,2,100,11612,100.9499,1172230.46,0.00081151,1.9469,1.9164,1.9402,4.6735,0.019346,2Y
BND-040,GOI G-Sec,EUR,AAA,0.06379,0.08015,7.0,2,100,16448,91.3679,1502819.54,0.00104037,5.685,5.466,5.5905,36.6062,0.049941,7Y
BND-041,Corporate Bond,AUD,AA+,0.0439,0.03142,5.0,2,100,60381,105.7363,6384465.7,0.00441982,4.5586,4.4881,4.5103,23.5343,0.047455,5Y
BND-042,Aus Govt Bond,INR,A,0.05567,0.02672,10.0,2,100,78123,125.2613,9785788.63,0.00677448,8.0727,7.9662,8.0637,76.2309,0.099786,10Y
BND-043,JGB,EUR,A,0.0922,0.11153,7.0,2,100,20324,90.7756,1844922.47,0.0012772,5.2131,4.9378,4.9058,31.4821,0.044823,7Y
BND-044,JGB,EUR,AA+,0.07648,0.10707,3.0,2,100,32233,92.3232,2975854.06,0.00206012,2.7244,2.5859,2.59,8.3111,0.023874,3Y
BND-045,Aus Govt Bond,USD,AA,0.05242,0.04756,10.0,1,100,34224,103.8002,3552459.08,0.00245929,8.0735,7.707,7.7277,74.8779,0.079999,10Y
BND-046,GOI G-Sec,INR,A+,0.04675,0.02351,10.0,2,100,35664,120.6047,4301246.65,0.00297765,8.3009,8.2044,8.2485,79.5365,0.098949,10Y
BND-047,Corporate Bond,INR,A,0.06559,0.06186,3.0,1,100,25765,100.9925,2602071.45,0.00180135,2.8201,2.6558,2.7071,9.7936,0.026821,3Y
BND-048,GOI G-Sec,INR,AAA,0.0431,0.03967,3.0,2,100,9697,100.9625,979033.32,0.00067776,2.847,2.7917,2.8304,9.4114,0.028185,3Y
BND-049,GOI G-Sec,INR,AA+,0.05292,0.05064,7.0,2,100,49638,101.3293,5029782.8,0.003482,5.9483,5.8014,5.8078,40.057,0.058785,7Y
BND-050,JGB,INR,A+,0.07062,0.05726,1.0,2,100,35376,101.2808,3582909.83,0.00248037,0.9831,0.9557,0.9364,1.3856,0.009679,1Y
BND-051,Aus Govt Bond,INR,AAA,0.0858,0.09275,2.0,2,100,34091,98.7565,3366707.47,0.00233069,1.8791,1.7958,1.7989,4.1999,0.017735,2Y
BND-052,SDL,INR,AA+,0.07596,0.08225,0.25,2,100,27508,99.6977,2742485.07,0.00189856,0.5,0.4802,0.4799,0.4613,0.004788,3M
BND-053,German Bund,INR,A,0.02376,0.015,10.0,2,100,83993,108.1035,9079940.72,0.00628583,9.0088,8.9417,8.9849,89.8469,0.096663,10Y
BND-054,UK Gilt,GBP,A,0.07048,0.07887,7.0,1,100,56891,95.6147,5439616.97,0.00376572,5.7278,5.3091,5.6019,36.6312,0.050763,7Y
BND-055,GOI G-Sec,INR,A+,0.0663,0.09093,7.0,2,100,40588,87.4474,3549313.41,0.00245711,5.6057,5.3619,5.2917,35.5482,0.046889,7Y
BND-056,Aus Govt Bond,INR,AA,0.07245,0.07451,10.0,2,100,22458,98.5631,2213530.46,0.00153238,7.2602,6.9995,7.0733,62.8709,0.068989,10Y
BND-057,JGB,USD,AAA,0.09409,0.09004,5.0,2,100,73095,101.6013,7426548.68,0.00514123,4.1094,3.9323,4.0374,19.2861,0.039953,5Y
BND-058,UK Gilt,GBP,AAA,0.02786,0.02616,5.0,2,100,80511,100.7938,8115010.06,0.00561784,4.7034,4.6427,4.654,24.6842,0.046795,5Y
BND-059,German Bund,AUD,AA+,0.05436,0.06174,1.0,2,100,7747,99.2945,769234.69,0.00053252,0.9867,0.9572,1.0131,1.3865,0.009504,1Y
BND-060,US Treasury,EUR,AA+,0.07564,0.05487,1.0,2,100,84021,101.9944,8569668.56,0.00593258,0.982,0.9557,0.9467,1.3868,0.009748,1Y
BND-061,JGB,EUR,AA+,0.03653,0.0385,7.0,1,100,64450,98.8094,6368266.34,0.0044086,6.2969,6.0634,6.1126,45.0244,0.059913,7Y
BND-062,US Treasury,INR,AA,0.09157,0.08688,5.0,2,100,13485,101.8681,1373690.96,0.00095097,4.131,3.959,3.8799,19.4854,0.04033,5Y
BND-063,Aus Govt Bond,INR,AA+,0.07163,0.0938,5.0,2,100,69018,91.3087,6301942.66,0.00436269,4.2502,4.0598,4.0241,20.1487,0.03707,5Y
BND-064,GOI G-Sec,INR,AA,0.08024,0.07815,10.0,2,100,14129,101.432,1433132.06,0.00099212,7.0836,6.8172,6.8597,60.4653,0.069149,10Y
BND-065,SDL,INR,AAA,0.05472,0.07474,7.0,2,100,9323,89.2431,832013.66,0.00057598,5.8311,5.6211,5.74,38.1164,0.050164,7Y
BND-066,Aus Govt Bond,JPY,AAA,0.07965,0.0664,5.0,1,100,14802,105.4834,1561364.91,0.0010809,4.3347,4.0648,4.0972,21.7367,0.042877,5Y
BND-067,Corporate Bond,INR,AAA,0.08423,0.09128,5.0,2,100,44085,97.2207,4285972.8,0.00296708,4.1685,3.9865,4.112,19.6551,0.038757,5Y
BND-068,Corporate Bond,INR,AAA,0.06919,0.07302,3.0,2,100,57663,98.9839,5707707.97,0.00395132,2.7587,2.6615,2.6552,8.7312,0.026344,3Y
BND-069,JGB,INR,A+,0.06922,0.05879,0.25,2,100,39622,100.5065,3982270.07,0.00275683,0.5,0.4857,0.4817,0.4719,0.004882,3M
BND-070,SDL,INR,AA+,0.06987,0.07199,5.0,2,100,15367,99.1192,1523165.26,0.00105445,4.3014,4.1519,4.4326,20.9036,0.041153,5Y
BND-071,UK Gilt,INR,AAA,0.04946,0.06401,2.0,2,100,21929,97.3087,2133882.15,0.00147724,1.9276,1.8679,1.8863,4.4688,0.018176,2Y
BND-072,Corporate Bond,INR,AA,0.06234,0.05846,5.0,2,100,77452,101.6637,7874060.06,0.00545103,4.378,4.2537,4.1772,21.695,0.043245,5Y
BND-073,SDL,JPY,AA+,0.06225,0.04195,10.0,2,100,86823,116.4444,10110051.64,0.00699896,7.7942,7.6341,7.5016,71.5529,0.088894,10Y
BND-074,Aus Govt Bond,INR,AAA,0.0719,0.07169,2.0,2,100,69113,100.0386,6913969.71,0.00478638,1.8983,1.8326,1.7894,4.3449,0.018333,2Y
BND-075,SDL,GBP,AAA,0.083,0.07217,0.5,1,100,13790,101.01,1392928.14,0.00096429,1.0,0.9327,0.9545,1.7398,0.009421,6M
BND-076,GOI G-Sec,INR,AAA,0.04595,0.04184,3.0,2,100,74683,101.147,7553961.33,0.00522943,2.8376,2.7795,2.7542,9.3496,0.028114,3Y
BND-077,German Bund,INR,AA,0.06275,0.06177,3.0,2,100,63819,100.2644,6398774.35,0.00442972,2.7812,2.6979,2.7065,8.9244,0.02705,3Y
BND-078,JGB,INR,AAA,0.09167,0.0712,7.0,2,100,49715,111.1312,5524886.44,0.00382475,5.4151,5.229,5.2207,34.4248,0.05811,7Y
BND-079,SDL,GBP,AAA,0.05162,0.03223,5.0,1,100,17175,108.8229,1869033.3,0.00129389,4.5546,4.4124,4.4931,24.8251,0.048017,5Y
BND-080,German Bund,INR,AAA,0.0502,0.05598,10.0,2,100,89717,95.6159,8578367.86,0.00593861,7.9283,7.7124,7.5492,72.461,0.073743,10Y
BND-081,UK Gilt,JPY,AA+,0.06864,0.06237,7.0,2,100,42621,103.5144,4411885.8,0.00305425,5.7001,5.5278,5.3791,37.3308,0.05722,7Y
BND-082,JGB,INR,AAA,0.0802,0.04942,5.0,2,100,8754,113.4882,993475.87,0.00068776,4.272,4.169,4.1924,21.1462,0.047313,5Y
BND-083,SDL,INR,A+,0.06521,0.07462,10.0,2,100,22847,93.4452,2134941.49,0.00147797,7.4,7.1338,7.241,64.6366,0.066662,10Y
BND-084,Aus Govt Bond,GBP,AAA,0.08892,0.09219,2.0,2,100,39107,99.4152,3887830.96,0.00269146,1.8755,1.7928,1.8077,4.1912,0.017823,2Y
BND-085,UK Gilt,INR,AA+,0.08042,0.07186,0.25,2,100,10297,100.4135,1033957.5,0.00071579,0.5,0.4827,0.4729,0.4659,0.004847,3M
BND-086,JGB,INR,AA+,0.08015,0.06435,1.0,2,100,32534,101.5071,3302431.22,0.0022862,0.9809,0.9503,0.9664,1.372,0.009646,1Y
BND-087,Corporate Bond,AUD,AA+,0.07497,0.085,10.0,1,100,44814,93.4193,4186491.59,0.00289821,7.2799,6.7096,6.5848,60.4222,0.06268,10Y
BND-088,Aus Govt Bond,INR,AAA,0.105,0.10919,5.0,2,100,85634,98.417,8427838.81,0.0058344,4.0056,3.7982,3.7487,18.2818,0.037381,5Y
BND-089,German Bund,INR,AA,0.06131,0.0899,2.0,2,100,12341,94.8708,1170800.56,0.00081052,1.9099,1.8277,1.7846,4.3049,0.01734,2Y
BND-090,SDL,INR,A+,0.02894,0.03398,5.0,2,100,54033,97.6993,5278985.3,0.00365452,4.6865,4.6082,4.7582,24.3787,0.045022,5Y
BND-091,Aus Govt Bond,INR,AAA,0.09388,0.09853,1.0,2,100,82839,99.567,8248031.48,0.00570992,0.9775,0.9316,0.9464,1.3216,0.009276,1Y
BND-092,JGB,USD,AAA,0.05676,0.05476,7.0,2,100,73526,101.1519,7437291.55,0.00514867,5.8807,5.7239,5.8105,39.2739,0.057899,7Y
BND-093,Corporate Bond,USD,A+,0.06694,0.07674,5.0,2,100,83620,95.9927,8026910.46,0.00555685,4.3143,4.1549,4.2844,20.8985,0.039884,5Y
BND-094,UK Gilt,INR,AA+,0.08857,0.09607,3.0,1,100,19479,98.1216,1911311.31,0.00132316,2.7602,2.5182,2.6953,8.9278,0.024709,3Y
BND-095,US Treasury,GBP,AAA,0.03616,0.05118,3.0,2,100,73114,95.8714,7009538.29,0.00485254,2.8666,2.7951,2.6756,9.3931,0.026797,3Y
BND-096,UK Gilt,INR,AAA,0.04247,0.03621,7.0,2,100,88183,103.8377,9156719.42,0.00633899,6.148,6.0387,5.9272,42.5021,0.062704,7Y
BND-097,Aus Govt Bond,INR,AA,0.03618,0.03095,3.0,2,100,32712,101.4859,3319808.36,0.00229823,2.871,2.8272,2.7837,9.6001,0.028693,3Y
BND-098,Aus Govt Bond,INR,AA,0.05071,0.04496,1.0,2,100,47384,100.5561,4764750.43,0.00329853,0.9877,0.966,0.9454,1.4112,0.009713,1Y
BND-099,SDL,AUD,AA+,0.07291,0.0824,1.0,2,100,50121,99.1066,4967323.01,0.00343876,0.9823,0.9435,0.918,1.351,0.00935,1Y
BND-100,Aus Govt Bond,INR,A,0.07444,0.09242,30.0,2,100,46962,81.8381,3843278.68,0.00266061,10.8749,10.3946,10.3168,187.7354,0.085068,30Y
BND-101,US Treasury,INR,AA+,0.06997,0.06447,20.0,1,100,29631,106.0927,3143631.67,0.00217626,11.5889,10.8871,10.556,171.7102,0.115504,20Y
BND-102,German Bund,INR,AAA,0.03957,0.03447,7.0,2,100,87525,103.1463,9027881.47,0.0062498,6.1976,6.0925,6.1436,43.0463,0.062842,7Y
BND-103,JGB,GBP,AA+,0.02342,0.02719,2.0,1,100,86302,99.2759,8567706.72,0.00593123,1.977,1.9247,1.9272,5.5995,0.019108,2Y
BND-104,US Treasury,INR,AAA,0.06598,0.06303,30.0,2,100,37362,103.9518,3883848.67,0.0026887,13.7091,13.2903,13.4501,277.7344,0.138155,30Y
BND-105,US Treasury,INR,AAA,0.05651,0.06793,10.0,2,100,73449,91.805,6742982.3,0.00466801,7.6594,7.4078,7.5018,68.2968,0.068007,10Y
BND-106,US Treasury,USD,AAA,0.07327,0.04625,7.0,2,100,38789,116.0024,4499618.05,0.00311498,5.715,5.5858,5.67,38.0151,0.064797,7Y
BND-107,JGB,INR,AAA,0.07764,0.06771,5.0,1,100,72558,104.0926,7552750.56,0.0052286,4.3444,4.0689,4.0309,21.7516,0.042354,5Y
BND-108,US Treasury,INR,AA,0.06749,0.0581,2.0,2,100,54703,101.749,5565973.57,0.0038532,1.9051,1.8513,1.9495,4.4237,0.018837,2Y
BND-109,Corporate Bond,INR,AAA,0.07868,0.05084,1.0,2,100,44964,102.6817,4616982.13,0.00319623,0.9813,0.957,0.9626,1.391,0.009827,1Y
BND-110,Corporate Bond,INR,AA+,0.06913,0.05756,20.0,2,100,15884,113.6319,1804928.62,0.00124951,11.6805,11.3537,10.8251,181.4077,0.129014,20Y
BND-111,SDL,INR,AA,0.07454,0.06356,5.0,2,100,60640,104.6416,6345468.2,0.00439282,4.2838,4.1518,4.0478,20.9487,0.043445,5Y
BND-112,US Treasury,EUR,AA+,0.05232,0.0499,2.0,2,100,32292,100.454,3243860.04,0.00224565,1.925,1.8781,1.7964,4.5221,0.018867,2Y
BND-113,GOI G-Sec,INR,AA,0.06177,0.07512,3.0,2,100,23432,96.4714,2260518.89,0.00156491,2.7795,2.6788,2.68,8.8033,0.025843,3Y
BND-114,GOI G-Sec,INR,AA,0.06854,0.0656,5.0,1,100,21422,101.2201,2168336.81,0.00150109,4.4025,4.1314,4.1189,22.2429,0.041818,5Y
BND-115,German Bund,AUD,AA,0.07977,0.0674,2.0,2,100,88459,102.2788,9047479.07,0.00626336,1.8893,1.8277,1.8063,4.3348,0.018693,2Y
BND-116,GOI G-Sec,INR,AAA,0.05791,0.05723,10.0,2,100,13779,100.515,1384995.87,0.0009588,7.7353,7.5201,7.8982,69.8833,0.075589,10Y
BND-117,UK Gilt,INR,AA+,0.07438,0.08697,10.0,2,100,72874,91.7029,6682759.0,0.00462632,7.0872,6.7918,6.8851,60.1054,0.062283,10Y
BND-118,JGB,JPY,AA+,0.06021,0.0485,7.0,2,100,78622,106.8815,8403239.39,0.00581737,5.8598,5.7211,5.8249,39.3023,0.061148,7Y
BND-119,German Bund,INR,AAA,0.06288,0.05196,5.0,2,100,7639,104.7576,800242.96,0.00055399,4.3843,4.2733,4.1738,21.8718,0.044766,5Y
BND-120,US Treasury,USD,AAA,0.07993,0.08663,7.0,2,100,55093,96.5363,5318472.28,0.00368186,5.4628,5.236,5.1052,34.3966,0.050546,7Y
BND-121,SDL,USD,AAA,0.02912,0.02647,7.0,2,100,54079,101.6885,5499214.86,0.00380698,6.3893,6.3059,6.3117,45.2281,0.064124,7Y
BND-122,Aus Govt Bond,INR,AA+,0.04166,0.04943,7.0,2,100,35487,95.4493,3387207.95,0.00234489,6.1185,5.9709,5.9967,41.7032,0.056992,7Y
BND-123,JGB,INR,AA+,0.03832,0.03816,1.0,2,100,61670,100.0159,6167981.73,0.00426995,0.9906,0.9721,0.9269,1.4263,0.009722,1Y
BND-124,UK Gilt,INR,AAA,0.02299,0.03141,5.0,2,100,39736,96.132,3819900.67,0.00264443,4.7457,4.6723,4.6512,24.8577,0.044916,5Y
BND-125,GOI G-Sec,INR,A+,0.05279,0.04037,0.5,2,100,42373,100.6088,4263094.94,0.00295124,0.5,0.4901,0.4903,0.4804,0.004931,6M
BND-126,GOI G-Sec,INR,A+,0.07849,0.07834,5.0,2,100,41679,100.0591,4170361.29,0.00288705,4.2308,4.0713,4.0494,20.3072,0.040737,5Y
BND-127,Corporate Bond,INR,AAA,0.05987,0.05734,3.0,2,100,73057,100.6878,7355951.06,0.00509236,2.7911,2.7133,2.6581,9.0059,0.02732,3Y
BND-128,SDL,USD,A+,0.06856,0.05397,1.0,2,100,58817,101.4021,5964165.3,0.00412885,0.9835,0.9577,0.9448,1.391,0.009711,1Y
BND-129,JGB,EUR,AAA,0.08461,0.06584,1.0,1,100,37218,101.7603,3787313.73,0.00262187,1.0,0.9382,0.9341,1.7605,0.009547,1Y
BND-130,SDL,GBP,A+,0.0889,0.09713,7.0,2,100,83775,95.8895,8033146.95,0.00556116,5.3178,5.0715,5.0831,32.7966,0.048631,7Y
BND-131,Corporate Bond,INR,A,0.06376,0.05954,2.0,2,100,73175,100.7831,7374806.39,0.00510541,1.9096,1.8544,1.8824,4.4316,0.018689,2Y
BND-132,Aus Govt Bond,INR,AAA,0.08936,0.0771,20.0,2,100,84286,112.4069,9474331.94,0.00655886,10.2076,9.8287,10.0943,145.2296,0.110481,20Y
BND-133,JGB,INR,AA,0.06666,0.0655,7.0,2,100,67092,100.6398,6752125.76,0.00467434,5.7109,5.5298,5.4891,37.3252,0.055651,7Y
BND-134,SDL,INR,A,0.04993,0.06346,3.0,2,100,38276,96.3545,3688066.08,0.00255316,2.8192,2.7325,2.7013,9.0756,0.026329,3Y
BND-135,US Treasury,JPY,A+,0.0543,0.02693,7.0,2,100,70700,117.3547,8296977.08,0.00574381,6.0146,5.9347,5.9996,41.5833,0.069646,7Y
BND-136,UK Gilt,INR,A,0.03835,0.02039,0.25,2,100,32987,100.8889,3328022.82,0.00230391,0.5,0.495,0.5025,0.49,0.004994,3M
BND-137,German Bund,INR,AA+,0.04901,0.03794,20.0,1,100,28028,115.3292,3232448.22,0.00223775,13.6899,13.1895,13.0463,230.201,0.152113,20Y
BND-138,Aus Govt Bond,GBP,AAA,0.05856,0.07609,5.0,2,100,43338,92.8194,4022607.28,0.00278476,4.379,4.2185,4.3019,21.3463,0.039156,5Y
BND-139,JGB,INR,A+,0.07946,0.08286,10.0,2,100,87390,97.7246,8540152.01,0.00591215,7.044,6.7638,6.9295,59.7531,0.066099,10Y
BND-140,Aus Govt Bond,INR,AA+,0.09597,0.10518,1.0,2,100,53274,99.1471,5281961.42,0.00365658,0.977,0.9282,0.9582,1.3124,0.009203,1Y
BND-141,GOI G-Sec,INR,AA+,0.04012,0.02644,5.0,1,100,37613,106.3301,3999395.88,0.00276869,4.6417,4.5222,4.7232,25.7629,0.048084,5Y
BND-142,SDL,INR,AA+,0.07207,0.05864,5.0,2,100,44254,105.7499,4679856.47,0.00323976,4.309,4.1862,4.0956,21.218,0.044269,5Y
BND-143,UK Gilt,USD,AA+,0.04627,0.05164,20.0,2,100,29753,93.3476,2777371.07,0.00192271,12.9926,12.6656,12.67,214.4266,0.11823,20Y
BND-144,GOI G-Sec,INR,AAA,0.07354,0.07424,5.0,2,100,60994,99.7123,6081851.94,0.00421033,4.2717,4.1188,4.12,20.6602,0.04107,5Y
BND-145,Corporate Bond,JPY,AA,0.06264,0.06923,5.0,2,100,34786,97.2565,3383163.21,0.00234209,4.3586,4.2128,4.2025,21.3455,0.040972,5Y
BND-146,SDL,EUR,AAA,0.03204,0.02979,2.0,1,100,52123,100.4311,5234767.8,0.00362391,1.969,1.9121,1.881,5.541,0.019203,2Y
BND-147,Aus Govt Bond,GBP,AA,0.08171,0.08505,3.0,2,100,36434,99.1323,3611786.26,0.00250036,2.7192,2.6082,2.5114,8.4633,0.025856,3Y
BND-148,GOI G-Sec,INR,A+,0.05411,0.05601,5.0,2,100,32260,99.1824,3199624.86,0.00221503,4.4443,4.3233,4.3333,22.2011,0.042879,5Y
BND-149,SDL,INR,AA+,0.05539,0.06472,5.0,2,100,87470,96.0668,8402966.42,0.00581718,4.4214,4.2828,4.2006,21.8633,0.041144,5Y
BND-150,SDL,EUR,AA+,0.04574,0.05543,0.25,2,100,34387,99.5289,3422498.65,0.00236932,0.5,0.4865,0.4876,0.4734,0.004842,3M
BND-151,SDL,INR,AAA,0.05322,0.03378,10.0,1,100,10994,116.2657,1278225.17,0.00088489,8.1715,7.9044,7.7475,78.1054,0.091901,10Y
BND-152,UK Gilt,INR,A,0.0727,0.04573,20.0,2,100,37180,135.0963,5022882.01,0.00347723,12.1305,11.8593,11.5332,193.1782,0.160214,20Y
BND-153,Corporate Bond,USD,AA,0.06159,0.07361,1.0,2,100,50232,98.8612,4965993.82,0.00343784,0.985,0.95,0.9556,1.3674,0.009392,1Y
BND-154,Aus Govt Bond,INR,AAA,0.07092,0.08517,5.0,1,100,13044,94.386,1231170.94,0.00085231,4.3599,4.0177,4.0328,21.1703,0.037921,5Y
BND-155,Corporate Bond,USD,AAA,0.07151,0.05927,1.0,1,100,30983,101.1562,3134123.22,0.00216968,1.0,0.944,0.9577,1.7825,0.00955,1Y
BND-156,UK Gilt,JPY,AAA,0.08877,0.06645,7.0,2,100,19115,112.3325,2147234.8,0.00148648,5.4652,5.2895,5.5785,35.0289,0.059418,7Y
BND-157,German Bund,USD,AA+,0.05883,0.06002,3.0,2,100,47555,99.6781,4740192.78,0.00328153,2.7933,2.7119,2.7307,8.9923,0.027032,3Y
BND-158,German Bund,INR,A,0.03842,0.04959,7.0,2,100,66464,93.4612,6211807.44,0.00430029,6.1702,6.0209,6.0939,42.1837,0.056272,7Y
BND-159,JGB,EUR,AA,0.08421,0.10578,10.0,2,100,87320,86.8822,7586555.15,0.005252,6.704,6.3672,6.1957,54.5855,0.05532,10Y
BND-160,SDL,INR,AAA,0.05903,0.06523,10.0,2,100,38073,95.5007,3635999.34,0.00251712,7.6298,7.3889,7.1511,68.0692,0.070564,10Y
BND-161,UK Gilt,USD,A+,0.08506,0.0806,1.0,2,100,78376,100.4205,7870555.1,0.0054486,0.9796,0.9417,0.979,1.3484,0.009457,1Y
BND-162,JGB,GBP,AAA,0.0719,0.06118,20.0,1,100,23235,112.1758,2606403.59,0.00180435,11.6773,11.0041,10.75,174.4823,0.123439,20Y
BND-163,JGB,USD,A+,0.06264,0.06278,2.0,1,100,71342,99.9749,7132409.6,0.0049376,1.941,1.8264,1.7787,5.1033,0.018259,2Y
BND-164,UK Gilt,INR,AAA,0.07128,0.06769,0.25,2,100,52827,100.1737,5291875.04,0.00366344,0.5,0.4836,0.4832,0.4678,0.004845,3M
BND-165,German Bund,INR,AA+,0.10012,0.08794,5.0,1,100,69444,104.7634,7275187.98,0.00503645,4.1898,3.8511,3.8424,19.926,0.040346,5Y
BND-166,JGB,INR,A+,0.10239,0.12,3.0,2,100,69220,95.6692,6622223.84,0.00458441,2.6488,2.4988,2.4425,7.9001,0.023906,3Y
BND-167,UK Gilt,INR,AAA,0.06625,0.08767,10.0,2,100,50256,85.9255,4318272.83,0.00298944,7.2369,6.933,6.8802,61.939,0.059572,10Y
BND-168,Aus Govt Bond,INR,AA,0.06788,0.08152,10.0,2,100,26880,90.7983,2440658.44,0.00168961,7.2714,6.9866,7.2013,62.6684,0.063437,10Y
BND-169,SDL,INR,A,0.08437,0.07332,3.0,2,100,49725,102.9281,5118098.98,0.00354314,2.7171,2.621,2.5682,8.5492,0.026977,3Y
BND-170,Corporate Bond,INR,AAA,0.04978,0.06004,20.0,2,100,75277,88.1455,6635330.85,0.00459349,12.3817,12.0208,11.602,198.601,0.105958,20Y
BND-171,GOI G-Sec,USD,AAA,0.071,0.07867,3.0,2,100,87506,97.9838,8574173.41,0.0059357,2.7514,2.6473,2.7096,8.6531,0.025939,3Y
BND-172,GOI G-Sec,JPY,AA,0.06453,0.06985,5.0,2,100,83837,97.7909,8198491.56,0.00567563,4.3435,4.197,4.2486,21.231,0.041042,5Y
BND-173,US Treasury,INR,AAA,0.07065,0.08565,2.0,2,100,20424,97.2963,1987180.03,0.00137568,1.8984,1.8204,1.7922,4.2874,0.017712,2Y
BND-174,SDL,USD,AAA,0.05,0.05762,20.0,2,100,55778,91.0164,5076713.03,0.00351449,12.4898,12.14,11.6598,201.439,0.110494,20Y
BND-175,US Treasury,INR,AA+,0.03639,0.04527,2.0,2,100,13890,98.3201,1365666.01,0.00094542,1.9465,1.9034,1.868,4.6109,0.018715,2Y
BND-176,US Treasury,INR,AA,0.02769,0.03533,0.5,2,100,61860,99.6245,6162770.92,0.00426634,0.5,0.4913,0.4906,0.4828,0.004895,6M
BND-177,UK Gilt,INR,AAA,0.04489,0.04898,5.0,2,100,89348,98.2057,8774481.26,0.00607437,4.5288,4.4205,4.5493,22.9348,0.043412,5Y
BND-178,Aus Govt Bond,USD,AAA,0.05674,0.03534,30.0,2,100,9468,139.3901,1319745.51,0.00091363,17.0169,16.7214,16.2881,393.6781,0.23308,30Y
BND-179,JGB,AUD,A+,0.05972,0.06073,20.0,1,100,60808,98.8558,6011223.5,0.00416143,12.1357,11.4409,11.4168,185.5206,0.1131,20Y
BND-180,US Treasury,USD,AA+,0.09987,0.0932,10.0,2,100,85369,104.2815,8902403.9,0.00616293,6.623,6.3281,6.4349,54.0783,0.065991,10Y
BND-181,Corporate Bond,JPY,A+,0.08491,0.06955,20.0,2,100,77010,116.4561,8968282.06,0.00620854,10.657,10.2988,9.6857,156.0619,0.119936,20Y
BND-182,JGB,AUD,AA+,0.04768,0.06786,20.0,2,100,38361,78.0893,2995582.21,0.00207377,12.1047,11.7074,12.01,191.3142,0.091422,20Y
BND-183,GOI G-Sec,INR,A,0.07126,0.09201,5.0,2,100,13833,91.8317,1270308.1,0.00087941,4.2562,4.069,3.9487,20.2212,0.037366,5Y
BND-184,UK Gilt,INR,AA,0.05767,0.07398,3.0,2,100,83531,95.6827,7992469.81,0.005533,2.7921,2.6925,2.7149,8.8675,0.025763,3Y
BND-185,US Treasury,INR,AAA,0.05988,0.06294,10.0,2,100,83312,97.7525,8143959.53,0.00563788,7.6346,7.4016,7.4473,68.2571,0.072353,10Y
BND-186,SDL,AUD,A+,0.06834,0.08454,7.0,2,100,54213,91.5669,4964114.65,0.00343654,5.6081,5.3806,5.5265,35.7698,0.049269,7Y
BND-187,UK Gilt,INR,AA+,0.07615,0.07629,3.0,2,100,88206,99.9619,8817235.76,0.00610397,2.738,2.6374,2.6737,8.6149,0.026363,3Y
BND-188,Corporate Bond,INR,AAA,0.05889,0.06133,1.0,2,100,5392,99.7674,537945.8,0.00037241,0.9857,0.9564,0.8995,1.3851,0.009541,1Y
BND-189,SDL,EUR,AAA,0.08415,0.07103,10.0,1,100,57411,109.1725,6267701.31,0.00433899,7.2727,6.7904,6.6572,61.7846,0.074133,10Y
BND-190,German Bund,INR,AA,0.04445,0.04921,2.0,2,100,8276,99.1031,820176.95,0.00056779,1.9354,1.8889,1.8954,4.558,0.01872,2Y
BND-191,SDL,USD,AAA,0.06511,0.06584,20.0,2,100,84534,99.2007,8385829.49,0.00580532,11.4201,11.0562,11.0023,174.7143,0.109678,20Y
BND-192,German Bund,INR,AAA,0.105,0.08937,2.0,2,100,62835,102.8061,6459818.31,0.00447198,1.8575,1.778,1.7993,4.1477,0.018279,2Y
BND-193,SDL,AUD,AAA,0.06902,0.0684,1.0,2,100,82641,100.0584,8268928.1,0.00572439,0.9833,0.9508,0.9696,1.3713,0.009514,1Y
BND-194,US Treasury,EUR,AA+,0.0908,0.08984,10.0,1,100,52826,100.6144,5315058.52,0.00367949,6.9857,6.4098,6.5073,56.3962,0.064492,10Y
BND-195,JGB,INR,AA+,0.06665,0.08822,1.0,1,100,12077,98.0178,1183760.89,0.00081949,1.0,0.9189,0.914,1.6889,0.009007,1Y
BND-196,SDL,USD,AA+,0.07545,0.08618,2.0,2,100,7255,98.0666,711472.96,0.00049254,1.8924,1.8142,1.7305,4.2668,0.017791,2Y
BND-197,JGB,INR,AAA,0.06398,0.06412,7.0,2,100,33523,99.9235,3349735.62,0.00231895,5.7499,5.5713,5.5079,37.7325,0.05567,7Y
BND-198,German Bund,INR,AAA,0.06193,0.06492,10.0,2,100,68194,97.8289,6671341.56,0.00461842,7.5703,7.3323,7.4086,67.3221,0.071731,10Y
BND-199,Aus Govt Bond,INR,AA+,0.05097,0.0515,2.0,2,100,17837,99.9004,1781923.16,0.00123358,1.9266,1.8783,1.8271,4.5202,0.018764,2Y
BND-200,SDL,GBP,AAA,0.07275,0.07031,3.0,1,100,77432,100.6387,7792651.96,0.00539467,2.8018,2.6178,2.6591,9.5552,0.026345,3Y
BND-201,German Bund,INR,AA,0.04967,0.03668,10.0,2,100,25356,110.7915,2809228.67,0.00194476,8.1184,7.9722,8.1532,76.1874,0.088325,10Y
BND-202,Aus Govt Bond,INR,AAA,0.07698,0.07517,30.0,2,100,47195,102.1479,4820868.77,0.00333738,12.2492,11.8055,11.8429,229.6034,0.120591,30Y
BND-203,JGB,INR,AAA,0.08454,0.07558,5.0,2,100,22261,103.6712,2307824.02,0.00159765,4.1967,4.0438,3.7341,20.1297,0.041923,5Y
BND-204,SDL,INR,AAA,0.0716,0.05659,1.0,2,100,44589,101.439,4523064.25,0.00313121,0.9828,0.9558,0.9253,1.3861,0.009695,1Y
BND-205,JGB,INR,AA+,0.05985,0.06598,0.25,2,100,43434,99.7031,4330502.85,0.00299791,0.5,0.484,0.5069,0.4686,0.004826,3M
BND-206,GOI G-Sec,INR,AA+,0.07317,0.07787,2.0,2,100,5465,99.1457,541831.27,0.0003751,1.8961,1.825,1.8001,4.3124,0.018094,2Y
BND-207,UK Gilt,INR,AA,0.05944,0.038,1.0,2,100,53263,102.0845,5437324.09,0.00376413,0.9857,0.9673,0.9193,1.4171,0.009875,1Y
BND-208,US Treasury,EUR,AAA,0.08184,0.08037,7.0,2,100,71865,100.7766,7242311.58,0.00501369,5.4713,5.2599,5.4224,34.6613,0.053008,7Y
BND-209,UK Gilt,INR,AA+,0.03203,0.04398,1.0,2,100,84583,98.8434,8360475.38,0.00578777,0.9921,0.9707,0.971,1.421,0.009595,1Y
BND-210,UK Gilt,INR,AA+,0.05896,0.07167,5.0,1,100,33110,94.8116,3139211.61,0.0021732,4.4573,4.1592,4.2741,22.373,0.039434,5Y
BND-211,GOI G-Sec,JPY,AAA,0.02917,0.04148,7.0,1,100,79849,92.6516,7398134.7,0.00512156,6.4058,6.1507,6.1933,45.8334,0.056987,7Y
BND-212,UK Gilt,INR,AA+,0.03809,0.03856,7.0,2,100,79694,99.7159,7946759.13,0.00550136,6.2087,6.0913,6.1611,42.9879,0.06074,7Y
BND-213,Aus Govt Bond,USD,AAA,0.08955,0.07941,2.0,2,100,89012,101.8417,9065136.79,0.00627559,1.8763,1.8047,1.8211,4.2453,0.018379,2Y
BND-214,US Treasury,INR,AA+,0.08111,0.06811,10.0,2,100,36710,109.3207,4013164.52,0.00277822,7.1801,6.9436,7.0647,62.1614,0.075908,10Y
BND-215,Corporate Bond,EUR,AAA,0.05205,0.05618,7.0,1,100,77325,97.6599,7551552.13,0.00522777,6.0294,5.7087,6.0337,41.023,0.055751,7Y
BND-216,Aus Govt Bond,USD,AA,0.03795,0.04251,10.0,2,100,53031,96.3235,5108134.0,0.00353624,8.3772,8.2028,8.402,79.2252,0.079013,10Y
BND-217,GOI G-Sec,EUR,A,0.01164,0.02709,1.0,2,100,9953,98.486,980231.43,0.00067859,0.9971,0.9838,0.9449,1.4545,0.009689,1Y
BND-218,US Treasury,INR,AAA,0.05522,0.06842,1.0,2,100,27979,98.7448,2762780.57,0.00191261,0.9865,0.9539,0.9645,1.3771,0.009419,1Y
BND-219,UK Gilt,INR,AA+,0.105,0.10341,20.0,2,100,62124,101.3301,6295032.95,0.00435791,8.7937,8.3613,8.5999,112.6467,0.084725,20Y
BND-220,US Treasury,USD,AA,0.07283,0.0579,3.0,2,100,18650,104.0582,1940685.24,0.00134349,2.7543,2.6768,2.7573,8.8396,0.027854,3Y
BND-221,Aus Govt Bond,INR,AAA,0.05493,0.0511,3.0,2,100,41952,101.0527,4239361.74,0.00293481,2.8077,2.7378,2.7086,9.1338,0.027666,3Y
BND-222,US Treasury,INR,AA,0.07337,0.07598,5.0,2,100,70867,98.9322,7011026.35,0.00485357,4.2698,4.1136,4.2334,20.6144,0.040696,5Y
BND-223,Aus Govt Bond,INR,AA,0.0369,0.03448,7.0,2,100,17729,101.4968,1799437.01,0.00124571,6.2395,6.1338,6.276,43.448,0.062256,7Y
BND-224,GOI G-Sec,AUD,A+,0.05965,0.05271,20.0,2,100,47210,108.5085,5122686.24,0.00354632,12.2756,11.9603,12.7295,196.4362,0.12978,20Y
BND-225,German Bund,INR,A,0.06679,0.06983,3.0,2,100,23262,99.1913,2307387.13,0.00159735,2.7667,2.6734,2.6233,8.7928,0.026518,3Y
BND-226,UK Gilt,INR,AAA,0.06345,0.0574,20.0,2,100,50601,107.1384,5421310.24,0.00375305,11.8936,11.5617,11.4151,186.6906,0.123871,20Y
BND-227,SDL,USD,AA+,0.07923,0.0717,0.25,2,100,25460,100.3638,2555262.29,0.00176895,0.5,0.4827,0.479,0.466,0.004845,3M
BND-228,SDL,INR,AA+,0.0712,0.07494,5.0,2,100,87060,98.465,8572366.02,0.00593445,4.2868,4.132,4.0813,20.7485,0.040686,5Y
BND-229,German Bund,INR,AAA,0.07703,0.07221,7.0,2,100,11519,102.6146,1182017.55,0.00081828,5.5609,5.3671,5.2477,35.7294,0.055075,7Y
BND-230,German Bund,INR,AAA,0.05261,0.05554,1.0,1,100,86904,99.7225,8666283.04,0.00599947,1.0,0.9474,0.882,1.7951,0.009448,1Y
BND-231,UK Gilt,INR,A,0.08116,0.08444,1.0,2,100,72309,99.6918,7208614.89,0.00499036,0.9805,0.9408,0.9305,1.345,0.009379,1Y
BND-232,GOI G-Sec,INR,AAA,0.09432,0.08065,5.0,1,100,77729,105.45,8196521.84,0.00567426,4.2318,3.916,3.9521,20.4765,0.041294,5Y
BND-233,UK Gilt,EUR,AA+,0.04754,0.04176,30.0,2,100,77378,109.8263,8498136.07,0.00588306,16.9106,16.5647,16.3605,390.4667,0.181924,30Y
BND-234,Aus Govt Bond,GBP,A+,0.04902,0.06627,7.0,2,100,20946,90.4604,1894784.17,0.00131172,5.9471,5.7564,6.0349,39.4778,0.052072,7Y
BND-235,GOI G-Sec,INR,AAA,0.08904,0.0751,20.0,2,100,84142,114.3183,9618973.97,0.00665899,10.3058,9.9328,9.9361,147.5763,0.11355,20Y
BND-236,US Treasury,INR,AA+,0.06156,0.03616,10.0,2,100,55513,121.1566,6725765.2,0.00465609,7.8641,7.7244,7.9737,72.8319,0.093586,10Y
BND-237,US Treasury,INR,A,0.09027,0.06793,5.0,2,100,86783,109.3393,9488790.2,0.00656887,4.1761,4.0389,4.0653,20.1328,0.044161,5Y
BND-238,Aus Govt Bond,AUD,AA+,0.05703,0.05738,10.0,2,100,79642,99.737,7943252.54,0.00549893,7.7534,7.5371,7.6928,70.108,0.075173,10Y
BND-239,Corporate Bond,EUR,AAA,0.09119,0.09156,0.25,2,100,54266,99.9823,5425637.41,0.00375604,0.5,0.4781,0.4814,0.4572,0.00478,3M
BND-240,US Treasury,JPY,AAA,0.06737,0.06596,1.0,2,100,36829,100.1344,3687851.53,0.00255301,0.9837,0.9523,0.9849,1.3752,0.009536,1Y
BND-241,German Bund,INR,A,0.06965,0.08422,10.0,2,100,14969,90.2816,1351425.72,0.00093556,7.2069,6.9157,6.9254,61.7301,0.062436,10Y
BND-242,GOI G-Sec,INR,AAA,0.09316,0.06109,10.0,2,100,13594,123.7391,1682109.85,0.00116449,7.0759,6.8662,6.9514,61.1562,0.084962,10Y
BND-243,JGB,INR,AA+,0.05849,0.06324,2.0,2,100,38125,99.1204,3778964.27,0.00261609,1.9159,1.8572,1.8742,4.4356,0.018409,2Y
BND-244,JGB,INR,AAA,0.04806,0.0668,5.0,2,100,73931,92.1452,6812387.31,0.00471606,4.4785,4.3337,4.3025,22.2082,0.039933,5Y
BND-245,German Bund,INR,AA+,0.05693,0.04339,7.0,2,100,47954,108.095,5183585.95,0.00358848,5.9214,5.7956,5.8543,40.0698,0.062648,7Y
BND-246,German Bund,INR,A,0.07314,0.06858,10.0,1,100,45949,103.2222,4742955.75,0.00328344,7.4736,6.9939,7.3846,64.5683,0.072192,10Y
BND-247,German Bund,AUD,AA+,0.03682,0.02778,7.0,2,100,25778,105.7115,2725030.75,0.00188648,6.2598,6.174,6.1323,43.9197,0.065267,7Y
BND-248,JGB,INR,A,0.07647,0.06574,5.0,2,100,52973,104.511,5536262.56,0.00383263,4.267,4.1312,4.1745,20.7921,0.043176,5Y
BND-249,Aus Govt Bond,INR,AAA,0.0553,0.05139,3.0,2,100,59236,101.0758,5987323.65,0.00414489,2.8065,2.7362,2.8223,9.1259,0.027657,3Y
BND-250,US Treasury,GBP,AA+,0.08566,0.10279,5.0,2,100,88482,93.431,8266960.42,0.00572303,4.1365,3.9343,4.0465,19.2416,0.036759,5Y
BND-251,US Treasury,INR,A+,0.0219,0.04395,7.0,2,100,67000,86.8374,5818107.54,0.00402774,6.4841,6.3446,6.3465,45.3792,0.055095,7Y
BND-252,German Bund,USD,AA+,0.05084,0.04681,10.0,2,100,56612,103.1901,5841795.89,0.00404414,7.9986,7.8157,7.35,73.9494,0.08065,10Y
BND-253,SDL,INR,AAA,0.03464,0.0575,5.0,2,100,82356,90.1873,7427463.79,0.00514186,4.6098,4.4809,4.5388,23.3054,0.040412,5Y
BND-254,JGB,EUR,A+,0.05013,0.05055,2.0,2,100,41123,99.9198,4108999.92,0.00284457,1.9278,1.8803,1.7759,4.528,0.018788,2Y
BND-255,JGB,INR,AA+,0.06946,0.0905,2.0,2,100,84470,96.2274,8128325.95,0.00562705,1.8994,1.8171,1.8839,4.2706,0.017486,2Y
BND-256,German Bund,INR,AA+,0.06177,0.06065,10.0,2,100,36448,100.8303,3675063.34,0.00254416,7.6174,7.3932,7.4246,68.1642,0.074546,10Y
BND-257,Corporate Bond,INR,A,0.06044,0.06201,10.0,2,100,15861,98.8409,1567715.85,0.00108529,7.632,7.4025,7.5875,68.2761,0.073167,10Y
BND-258,Corporate Bond,INR,AAA,0.06213,0.06652,1.0,2,100,40497,99.5824,4032787.62,0.00279181,0.9849,0.9532,0.9317,1.3767,0.009492,1Y
BND-259,US Treasury,INR,AAA,0.06866,0.10681,0.5,2,100,15945,98.1894,1565629.69,0.00108385,0.5,0.4747,0.4562,0.4506,0.004661,6M
BND-260,German Bund,INR,AAA,0.04685,0.05706,7.0,2,100,15063,94.1721,1418514.08,0.000982,6.013,5.8462,5.8843,40.4251,0.055054,7Y
BND-261,JGB,INR,AA+,0.07772,0.06924,1.0,2,100,79902,100.8066,8054648.61,0.00557605,0.9814,0.9485,0.9477,1.3665,0.009562,1Y
BND-262,German Bund,USD,AAA,0.07693,0.08856,10.0,2,100,72553,92.3897,6703147.27,0.00464043,7.0238,6.726,6.6433,59.2437,0.062141,10Y
BND-263,Aus Govt Bond,INR,AA,0.07193,0.06759,3.0,2,100,23802,101.1614,2407844.16,0.0016669,2.753,2.663,2.6687,8.7523,0.02694,3Y
BND-264,Aus Govt Bond,INR,AAA,0.07502,0.06914,1.0,2,100,76205,100.5586,7663065.92,0.00530496,0.982,0.9492,1.0148,1.3677,0.009545,1Y
BND-265,German Bund,INR,AA,0.07034,0.08124,20.0,2,100,10856,89.3085,969533.06,0.00067119,10.5035,10.0935,10.3041,152.3087,0.090144,20Y
BND-266,Corporate Bond,GBP,AAA,0.10163,0.102,2.0,2,100,29173,99.934,2915375.08,0.00201825,1.8595,1.7693,1.8157,4.1042,0.017681,2Y
BND-267,UK Gilt,INR,AAA,0.06343,0.06678,3.0,2,100,65018,99.1046,6443584.15,0.00446075,2.7775,2.6878,2.7445,8.8654,0.026637,3Y
BND-268,US Treasury,INR,AAA,0.05947,0.05964,1.0,1,100,30822,99.9842,3081711.85,0.0021334,1.0,0.9437,0.9786,1.7812,0.009436,1Y
BND-269,German Bund,EUR,AA,0.05144,0.05548,1.0,2,100,67092,99.6123,6683188.73,0.00462662,0.9874,0.9608,0.9562,1.3963,0.009571,1Y
BND-270,JGB,INR,AA+,0.04642,0.05152,0.25,2,100,79318,99.7514,7912083.42,0.00547735,0.5,0.4874,0.4624,0.4752,0.004862,3M
BND-271,Corporate Bond,USD,AAA,0.0426,0.01936,0.5,2,100,10615,101.151,1073718.29,0.00074331,0.5,0.4952,0.4929,0.4905,0.005009,6M
BND-272,UK Gilt,INR,A+,0.049,0.057,2.0,2,100,7037,98.508,693200.96,0.00047989,1.9288,1.8753,1.9134,4.5028,0.018474,2Y
BND-273,GOI G-Sec,INR,AA+,0.06373,0.05194,0.5,1,100,84900,101.1202,8585107.9,0.00594327,1.0,0.9506,0.9276,1.8074,0.009613,6M
BND-274,German Bund,INR,AAA,0.07102,0.05371,7.0,1,100,49238,109.8816,5410348.08,0.00374546,5.816,5.5195,5.4952,39.1826,0.060649,7Y
BND-275,US Treasury,EUR,A+,0.06592,0.06522,7.0,1,100,48050,100.3841,4823457.55,0.00333917,5.8297,5.4728,5.3781,38.492,0.054938,7Y
BND-276,US Treasury,INR,AAA,0.05122,0.05223,3.0,2,100,44412,99.7235,4428919.39,0.00306604,2.8185,2.7468,2.85,9.1715,0.027392,3Y
BND-277,UK Gilt,INR,AAA,0.0812,0.07288,3.0,2,100,41857,102.2068,4278069.05,0.00296161,2.7257,2.6298,2.6791,8.5899,0.026879,3Y
BND-278,SDL,INR,AA+,0.07831,0.08828,5.0,2,100,63660,96.0378,6113769.46,0.00423242,4.2135,4.0354,4.1011,20.0079,0.038755,5Y
BND-279,UK Gilt,INR,AAA,0.06213,0.04602,10.0,2,100,54278,112.7933,6122192.9,0.00423825,7.757,7.5825,7.7003,70.8201,0.085525,10Y
BND-280,German Bund,INR,AAA,0.05325,0.04836,10.0,2,100,18888,103.8359,1961252.88,0.00135773,7.9272,7.74,7.7328,72.9153,0.08037,10Y
BND-281,Corporate Bond,INR,AA,0.07487,0.06785,0.5,2,100,58264,100.3394,5846175.35,0.00404717,0.5,0.4836,0.486,0.4677,0.004852,6M
BND-282,SDL,INR,AAA,0.06838,0.06782,2.0,2,100,61808,100.1029,6187162.33,0.00428323,1.903,1.8406,1.7861,4.3759,0.018425,2Y
BND-283,US Treasury,INR,AA,0.03893,0.04228,2.0,2,100,14656,99.3647,1456288.38,0.00100816,1.9432,1.903,1.799,4.614,0.018909,2Y
BND-284,SDL,INR,A,0.06378,0.05168,2.0,2,100,37022,102.2704,3786254.75,0.00262114,1.9103,1.8622,1.8692,4.4679,0.019045,2Y
BND-285,Corporate Bond,INR,AA+,0.06972,0.07841,5.0,2,100,72193,96.4612,6963826.5,0.0048209,4.2913,4.1294,4.1629,20.7122,0.039833,5Y
BND-286,German Bund,INR,AA,0.04881,0.04956,5.0,2,100,57590,99.6688,5739925.3,0.00397362,4.4957,4.387,4.5196,22.6927,0.043724,5Y
BND-287,GOI G-Sec,INR,AA,0.06842,0.04571,0.5,2,100,16591,101.1098,1677512.71,0.0011613,0.5,0.4888,0.508,0.4779,0.004943,6M
BND-288,German Bund,INR,A,0.03881,0.01531,3.0,2,100,8408,106.8658,898527.7,0.00062203,2.8662,2.8444,2.9561,9.7269,0.030397,3Y
BND-289,SDL,INR,AAA,0.08905,0.0889,5.0,2,100,54402,100.0586,5443390.43,0.00376833,4.1425,3.9662,3.8672,19.5255,0.039685,5Y
BND-290,Aus Govt Bond,INR,AAA,0.08746,0.08481,1.0,2,100,44246,100.2492,4435626.1,0.00307068,0.9791,0.9392,0.931,1.3419,0.009416,1Y
BND-291,German Bund,INR,AA+,0.06045,0.05921,10.0,2,100,86689,100.9265,8749221.08,0.00605688,7.6601,7.4398,7.5292,68.7958,0.075088,10Y
BND-292,Corporate Bond,INR,AA+,0.07154,0.07121,0.5,2,100,49391,100.0162,4939900.74,0.00341978,0.5,0.4828,0.5134,0.4662,0.004829,6M
BND-293,UK Gilt,USD,AAA,0.02162,0.02433,20.0,2,100,84176,95.7337,8058480.33,0.0055787,16.2435,16.0483,16.6422,301.8364,0.153637,20Y
BND-294,GOI G-Sec,INR,AA+,0.04419,0.05556,1.0,2,100,23217,98.9085,2296358.84,0.00158972,0.9891,0.9624,0.9893,1.3994,0.009519,1Y
BND-295,GOI G-Sec,GBP,AAA,0.05971,0.04638,10.0,2,100,43023,110.5727,4757169.32,0.00329328,7.8033,7.6265,7.5526,71.409,0.084328,10Y
BND-296,Aus Govt Bond,INR,A+,0.0457,0.03164,20.0,2,100,16868,120.7252,2036392.28,0.00140975,13.9812,13.7635,13.4596,241.6909,0.16616,20Y
BND-297,JGB,USD,AAA,0.07786,0.06474,30.0,2,100,53809,117.269,6310127.37,0.00436836,13.1691,12.7562,13.0078,258.9395,0.149591,30Y
BND-298,SDL,INR,AAA,0.10095,0.10442,10.0,2,100,21020,97.8796,2057428.67,0.00142431,6.479,6.1576,5.9881,51.8952,0.06027,10Y
BND-299,Corporate Bond,INR,AAA,0.04382,0.05876,10.0,2,100,46842,88.823,4160648.9,0.00288032,8.0701,7.8397,7.793,74.125,0.069635,10Y
BND-300,SDL,INR,AAA,0.04993,0.04475,7.0,2,100,34251,103.0814,3530641.23,0.00244418,6.0112,5.8796,5.8627,40.8695,0.060608,7Y
